{
  "parameters": {
    "n": 10,
    "t_total": 5.0,
    "r": 50,
    "dt": 0.1,
    "Jx": 1.0,
    "hx": 0.8,
    "hy": 0.9,
    "w_threshold": 5,
    "init_state": "1010101010"
  },
  "t_dense_list": [
    0.0,
    0.1,
    0.2,
    0.3,
    0.4,
    0.5,
    0.6,
    0.7,
    0.8,
    0.9,
    1.0,
    1.1,
    1.2,
    1.3,
    1.4,
    1.5,
    1.6,
    1.7,
    1.8,
    1.9,
    2.0,
    2.1,
    2.2,
    2.3,
    2.4,
    2.5,
    2.6,
    2.7,
    2.8,
    2.9,
    3.0,
    3.1,
    3.2,
    3.3,
    3.4,
    3.5,
    3.6,
    3.7,
    3.8,
    3.9,
    4.0,
    4.1,
    4.2,
    4.3,
    4.4,
    4.5,
    4.6,
    4.7,
    4.8,
    4.9,
    5.0
  ],
  "t_list": [
    0.0,
    0.1,
    0.2,
    0.30000000000000004,
    0.4,
    0.5,
    0.6000000000000001,
    0.7000000000000001,
    0.8,
    0.9,
    1.0,
    1.1,
    1.2000000000000002,
    1.3,
    1.4000000000000001,
    1.5,
    1.6,
    1.7000000000000002,
    1.8,
    1.9000000000000001,
    2.0,
    2.1,
    2.2,
    2.3000000000000003,
    2.4000000000000004,
    2.5,
    2.6,
    2.7,
    2.8000000000000003,
    2.9000000000000004,
    3.0,
    3.1,
    3.2,
    3.3000000000000003,
    3.4000000000000004,
    3.5,
    3.6,
    3.7,
    3.8000000000000003,
    3.9000000000000004,
    4.0,
    4.1000000000000005,
    4.2,
    4.3,
    4.4,
    4.5,
    4.6000000000000005,
    4.7,
    4.800000000000001,
    4.9,
    5.0
  ],
  "ideal_expvals": [
    1.0,
    0.9544401970596389,
    0.8348922565314826,
    0.6708094182392742,
    0.4905392013838312,
    0.31599846053851366,
    0.1608223248877111,
    0.03136539688043993,
    -0.07105997318914836,
    -0.14827296852630922,
    -0.20433358392823608,
    -0.24531863619947525,
    -0.2788422252093875,
    -0.3125952413530977,
    -0.3519558428100793,
    -0.39757038485430896,
    -0.44418621637069716,
    -0.4816643433477129,
    -0.49815440480503465,
    -0.4843595214733471,
    -0.4372132700060962,
    -0.36146021513898696,
    -0.26849351983622105,
    -0.17293376265229032,
    -0.08830689104321221,
    -0.023432036624848662,
    0.01929319927560169,
    0.04337502309955232,
    0.05600839869459767,
    0.06521137598620813,
    0.07734871173084212,
    0.09567548031350614,
    0.12000992269843547,
    0.14728085425355453,
    0.17258830517907053,
    0.19048658282631747,
    0.19629530402169126,
    0.1872690912250285,
    0.16342111254300729,
    0.1277818918241891,
    0.08595711358355074,
    0.04502964459943115,
    0.012057080859186775,
    -0.007455490682496901,
    -0.010737415292012886,
    0.0016531089308100544,
    0.02589554186146581,
    0.05557233606813583,
    0.08279276119218848,
    0.09959311824987471,
    0.09940149263446246
  ],
  "trott_expvals": [
    1.0,
    0.953108919446786,
    0.830011890081332,
    0.6614518948712758,
    0.47757058091254334,
    0.30199233579982643,
    0.14937372127145493,
    0.0260486227597872,
    -0.0676980792806614,
    -0.1353164246335099,
    -0.1825084577102698,
    -0.21647391073924888,
    -0.2451728946465383,
    -0.27596027430177045,
    -0.31356306836103714,
    -0.3581040772932036,
    -0.40423995548365305,
    -0.4422139597305721,
    -0.46081637353847205,
    -0.45130785747118635,
    -0.4107958243704457,
    -0.3436782317422597,
    -0.26053887301840883,
    -0.17492340714029203,
    -0.09925924931759222,
    -0.041447219967153504,
    -0.0032727361075418626,
    0.019024771657882522,
    0.03253367528858364,
    0.044828105354544734,
    0.061538077879434494,
    0.08497363623698395,
    0.11392434047409361,
    0.14437715385670202,
    0.1707659011500824,
    0.18741424358669312,
    0.189922109252316,
    0.17628530390295416,
    0.14754066608965044,
    0.10776362310609061,
    0.0633627726704688,
    0.021801371947652304,
    -0.009948909819125551,
    -0.02683848289060692,
    -0.026728550103380544,
    -0.010768189179109433,
    0.016839828917777744,
    0.04957211385328092,
    0.07966574864932163,
    0.09939584825563236,
    0.10239367161843493
  ],
  "lpd_expvals": [
    1.0,
    0.9544795630494844,
    0.835078760332253,
    0.6712952526961489,
    0.49149836012639647,
    0.31758275021563903,
    0.16311484495801695,
    0.03434984954635881,
    -0.0675048723585945,
    -0.14435541306996685,
    -0.20031583387728702,
    -0.24148110855930674,
    -0.2754543829266099,
    -0.3098972493845177,
    -0.3501469902471905,
    -0.3967941775267082,
    -0.444502476694234,
    -0.4830084946425094,
    -0.5003016690411751,
    -0.4869286489405385,
    -0.43974673437459505,
    -0.36359320511893056,
    -0.2701735207994155,
    -0.17459919663340165,
    -0.09091785742330316,
    -0.02830243795601361,
    0.010794842564589499,
    0.03008304010946176,
    0.03701467779160328,
    0.03973235951081937,
    0.044663743904659846,
    0.055492372439308595,
    0.07339053947378554,
    0.09777518528275017,
    0.12680118077338262,
    0.15731552523310002,
    0.18465882249551277,
    0.20301450287784045,
    0.2067275247102933,
    0.19233020466370734,
    0.1604022605671052,
    0.11628146775669351,
    0.06911327017275992,
    0.02948659037959608,
    0.006501368006034229,
    0.005257024307626824,
    0.02546124810726704,
    0.06139242815976562,
    0.10307358150674635,
    0.1383290116248557,
    0.15532592570285123
  ]
}